local0,local1,var_local0,var_local1,geometry_id,measurement_id,cluster_link,meas_dim
-9.5,-0.25,0.0833333358168602,0.02083333395421505,13792292246659967,0,18446744073709551615,2
9.25,-0.25,0.02083333395421505,0.02083333395421505,13792292246659967,1,18446744073709551615,2
