local0,local1,var_local0,var_local1,geometry_id,measurement_id,cluster_link,meas_dim
-8.0,0.0,5.333333492279053,133.3333282470703,13792292246659967,0,18446744073709551615,1
